Target,Metric,Value
Demand(Model),MAE,12.496138866735437
Demand(Model),RMSE,15.89744695222512
Demand(Model),R2 Score,0.08937380629720793
Demand(Model),MAPE (%),27.736079278377456
Demand(Model),SMAPE (%),24.641878811872548
Demand(Baseline_Lag1),MAE,20.114781309555966
Demand(Baseline_Lag1),RMSE,25.12856966471092
Demand(Baseline_Lag1),R2 Score,-1.275206958955383
Demand(Baseline_Lag1),MAPE (%),43.37231994306289
Demand(Baseline_Lag1),SMAPE (%),41.62171990151098
Demand(Baseline_MA7),MAE,16.603285283172173
Demand(Baseline_MA7),RMSE,20.61863771007687
Demand(Baseline_MA7),R2 Score,-0.5318114267976395
Demand(Baseline_MA7),MAPE (%),36.339158339705904
Demand(Baseline_MA7),SMAPE (%),32.74346551052359
Lead(Model),MAE,3.5191433429718018
Lead(Model),RMSE,4.443384701164087
Lead(Model),R2 Score,-0.9102267026901245
Lead(Model),MAPE (%),72.29095101356506
Lead(Model),SMAPE (%),53.98958921432495
Lead(Baseline_Lag1),MAE,3.6531332932910208
Lead(Baseline_Lag1),RMSE,4.517072336181637
Lead(Baseline_Lag1),R2 Score,-0.9741088580289219
Lead(Baseline_Lag1),MAPE (%),71.59418471831385
Lead(Baseline_Lag1),SMAPE (%),55.42558506652816
