{
  "demand_scale": {
    "N'PRIZ AH8": 1.0147124426974814,
    "Kinergy EX": 1.0144847886472919,
    "Optimo H426": 1.0142539140874736,
    "Krugen HP71": 1.0149369342095724,
    "i.Q Series": 1.014825101046659,
    "N'Blue HD Plus": 1.0159106579985533,
    "N'fera AU5": 1.0147124426974814,
    "Majesty9 Solus": 1.014825101046659,
    "Ventus Prime4": 1.0158052926146122,
    "Ventus Air S": 1.0142539140874736,
    "Solus TA31": 1.0153768595712287
  },
  "lead_bias": {
    "N'PRIZ AH8": 0.261415870860219,
    "Kinergy EX": 0.261415870860219,
    "Optimo H426": 0.261415870860219,
    "Krugen HP71": 0.261415870860219,
    "i.Q Series": 0.261415870860219,
    "N'Blue HD Plus": 0.261415870860219,
    "N'fera AU5": 0.261415870860219,
    "Majesty9 Solus": 0.261415870860219,
    "Ventus Prime4": 0.261415870860219,
    "Ventus Air S": 0.261415870860219,
    "Solus TA31": 0.261415870860219
  }
}