{
  "demand_scale": {
    "N'PRIZ AH8": 1.012885614828679,
    "Kinergy EX": 1.0126638201640015,
    "Optimo H426": 1.012438906912406,
    "Krugen HP71": 1.0131043914576998,
    "i.Q Series": 1.0129953512676306,
    "N'Blue HD Plus": 1.0140534864120447,
    "N'fera AU5": 1.012885614828679,
    "Majesty9 Solus": 1.0129953512676306,
    "Ventus Prime4": 1.0139507852941612,
    "Ventus Air S": 1.012438906912406,
    "Solus TA31": 1.0135331193462072
  },
  "lead_bias": {
    "N'PRIZ AH8": 0.12995737697929144,
    "Kinergy EX": 0.12995737697929144,
    "Optimo H426": 0.12995737697929144,
    "Krugen HP71": 0.12995737697929144,
    "i.Q Series": 0.12995737697929144,
    "N'Blue HD Plus": 0.12995737697929144,
    "N'fera AU5": 0.12995737697929144,
    "Majesty9 Solus": 0.12995737697929144,
    "Ventus Prime4": 0.12995737697929144,
    "Ventus Air S": 0.12995737697929144,
    "Solus TA31": 0.12995737697929144
  }
}